compet;a;t0;k;n_immig;birth_rate;n_alive_0;n_alive_1;n_alive_2;n_alive_3;n_alive_4;n_alive_5;n_alive_6;n_alive_7;n_alive_8;n_alive_9;n_alive_10;n_alive_11;n_alive_12;n_alive_13;n_alive_14;n_alive_15;n_alive_16;n_alive_17;n_alive_18;n_alive_19;n_alive_20;n_alive_21;n_alive_22;n_alive_23;n_alive_24;n_alive_25;n_alive_26;n_alive_27;n_alive_28;n_alive_29;n_alive_30;n_alive_31;n_alive_32;n_alive_33;n_alive_34;n_alive_35;n_alive_36;n_alive_37;n_alive_38;n_alive_39;n_alive_40;n_alive_41;n_alive_42;n_alive_43;n_alive_44;n_alive_45;n_alive_46;n_alive_47;n_alive_48;n_alive_49;smurf_rate_0;smurf_rate_1;smurf_rate_2;smurf_rate_3;smurf_rate_4;smurf_rate_5;smurf_rate_6;smurf_rate_7;smurf_rate_8;smurf_rate_9;smurf_rate_10;smurf_rate_11;smurf_rate_12;smurf_rate_13;smurf_rate_14;smurf_rate_15;smurf_rate_16;smurf_rate_17;smurf_rate_18;smurf_rate_19;smurf_rate_20;smurf_rate_21;smurf_rate_22;smurf_rate_23;smurf_rate_24;smurf_rate_25;smurf_rate_26;smurf_rate_27;smurf_rate_28;smurf_rate_29;smurf_rate_30;smurf_rate_31;smurf_rate_32;smurf_rate_33;smurf_rate_34;smurf_rate_35;smurf_rate_36;smurf_rate_37;smurf_rate_38;smurf_rate_39;smurf_rate_40;smurf_rate_41;smurf_rate_42;smurf_rate_43;smurf_rate_44;smurf_rate_45;smurf_rate_46;smurf_rate_47;smurf_rate_48;smurf_rate_49;age_0_smurf0;age_1_smurf0;age_2_smurf0;age_3_smurf0;age_4_smurf0;age_5_smurf0;age_6_smurf0;age_7_smurf0;age_8_smurf0;age_9_smurf0;age_10_smurf0;age_11_smurf0;age_12_smurf0;age_13_smurf0;age_14_smurf0;age_15_smurf0;age_16_smurf0;age_17_smurf0;age_18_smurf0;age_19_smurf0;age_20_smurf0;age_21_smurf0;age_22_smurf0;age_23_smurf0;age_24_smurf0;age_25_smurf0;age_26_smurf0;age_27_smurf0;age_28_smurf0;age_29_smurf0;age_0_smurf1;age_1_smurf1;age_2_smurf1;age_3_smurf1;age_4_smurf1;age_5_smurf1;age_6_smurf1;age_7_smurf1;age_8_smurf1;age_9_smurf1;age_10_smurf1;age_11_smurf1;age_12_smurf1;age_13_smurf1;age_14_smurf1;age_15_smurf1;age_16_smurf1;age_17_smurf1;age_18_smurf1;age_19_smurf1;age_20_smurf1;age_21_smurf1;age_22_smurf1;age_23_smurf1;age_24_smurf1;age_25_smurf1;age_26_smurf1;age_27_smurf1;age_28_smurf1;age_29_smurf1
1,00E-09;0,009;5;0,1911;9;0,2;11;24;44;56;74;94;115;140;175;214;262;322;402;494;607;717;887;1060;1264;1520;1862;2237;2694;3270;3900;4685;5686;6780;8160;9796;11806;14110;16841;20171;24106;29050;34894;41685;50019;59873;71865;86234;103674;124281;149126;178962;214547;257460;308561;370094;0,090909091;0,041666667;0,045454545;0,089285714;0,081081081;0,074468085;0,07826087;0,1;0,131428571;0,112149533;0,091603053;0,080745342;0,069651741;0,048582996;0,057660626;0,052998605;0,060879369;0,060377358;0,059335443;0,053947368;0,047798067;0,049173;0,055679287;0,051987768;0,050512821;0,047812166;0,050826592;0,051474926;0,050122549;0,051245406;0,051499238;0,049893692;0,047859391;0,048882058;0,047913383;0,04788296;0,047286066;0,047643037;0,048021752;0,048268836;0,04731093;0,047417492;0,047562552;0,048253554;0,047999678;0,047702864;0,04711322;0,0474598;0,047915971;0,047931066;64691;53656;44942;37108;30755;25253;20385;16649;13206;10586;8262;6492;4984;3879;3068;2220;1691;1251;891;716;536;349;248;185;107;80;53;39;33;13;0;6;84;248;460;693;895;1118;1299;1291;1325;1320;1222;1185;1105;868;813;712;588;502;401;355;254;258;180;133;105;78;47;62
1,00E-09;0,009;5;0,1911;9;0,3;13;32;62;92;135;195;271;380;532;718;963;1307;1750;2319;3088;4178;5642;7442;9839;13116;17536;23623;31512;42057;56120;75202;100601;134580;180065;240216;321371;429203;573614;766153;1023583;1366835;1824371;2433189;3242377;4315157;5735414;7617335;10092024;13332596;17550129;22991981;29930877;38661226;49450943;62504735;0;0;0,064516129;0,054347826;0,051851852;0,035897436;0,033210332;0,036842105;0,037593985;0,026462396;0,03219107;0,030604438;0,029142857;0,027598103;0,022668394;0,022977501;0,021978022;0,024321419;0,022969814;0,0221104;0,021954836;0,021758456;0,02100787;0,021114202;0,021293656;0,021355815;0,021441139;0,020768316;0,020870241;0,021368269;0,021302482;0,021234707;0,021111758;0,021173317;0,021199063;0,021182513;0,021143726;0,021179201;0,021190627;0,021184397;0,021173537;0,021174203;0,021206351;0,021210198;0,021156825;0,021178297;0,021197441;0,021231505;0,02125735;0,021232375;15956206;11933949;8919054;6637348;4919553;3619187;2645318;1919060;1383313;984030;698775;491080;343044;237069;162908;110563;74555;49709;32891;21527;14062;8956;5834;3603;2371;1419;866;553;323;185;8;1820;14715;40568;71715;98671;118561;127372;128329;121918;111131;98252;83707;69408;56571;45115;35073;27165;20689;15585;11422;8516;6210;4414;3179;2220;1536;1058;741;480
1,00E-09;0,009;5;0,1911;9;0,01;10;18;25;30;37;41;47;49;61;73;81;88;99;102;111;119;126;125;131;135;139;142;142;147;145;147;147;149;150;148;142;140;137;133;137;138;133;133;131;141;145;148;152;155;160;152;150;151;152;149;0,1;0,055555556;0,08;0,1;0,108108108;0,146341463;0,085106383;0,102040816;0,081967213;0,095890411;0,160493827;0,204545455;0,191919192;0,196078431;0,189189189;0,218487395;0,238095238;0,288;0,27480916;0,281481481;0,287769784;0,274647887;0,345070423;0,340136054;0,344827586;0,333333333;0,353741497;0,362416107;0,346666667;0,337837838;0,352112676;0,364285714;0,335766423;0,383458647;0,394160584;0,384057971;0,338345865;0,323308271;0,320610687;0,340425532;0,317241379;0,304054054;0,315789474;0,348387097;0,3625;0,348684211;0,353333333;0,317880795;0,282894737;0,302013423;2;3;0;5;4;3;3;6;4;6;4;4;9;5;6;2;5;2;2;5;5;2;3;1;1;4;0;2;0;2;0;0;0;0;0;0;0;0;0;1;1;1;1;0;0;1;1;2;3;3;2;1;3;0;3;4;2;3;1;1
1,00E-09;0,009;5;0,1911;9;0,1;10;25;37;45;56;69;85;111;127;143;161;175;194;220;245;265;291;309;329;362;386;425;472;500;536;580;614;666;704;764;804;870;934;984;1047;1104;1192;1292;1399;1488;1572;1669;1768;1893;2009;2110;2277;2455;2625;2762;0;0;0,081081081;0,088888889;0,107142857;0,115942029;0,105882353;0,09009009;0,094488189;0,111888112;0,124223602;0,125714286;0,118556701;0,118181818;0,13877551;0,162264151;0,140893471;0,158576052;0,142857143;0,140883978;0,139896373;0,16;0,152542373;0,144;0,160447761;0,155172414;0,154723127;0,154654655;0,159090909;0,153141361;0,141791045;0,156321839;0,147751606;0,152439024;0,143266476;0,137681159;0,138422819;0,13003096;0,131522516;0,13172043;0,138040712;0,143199521;0,140837104;0,143687269;0,144350423;0,139810427;0,140096618;0,145417515;0,142857143;0,141564084;214;233;228;206;159;161;152;126;105;98;100;92;84;63;56;45;45;47;29;26;20;23;12;12;12;6;4;3;2;1;0;0;0;0;2;3;7;11;12;13;15;24;32;25;19;20;17;16;21;17;16;9;9;11;10;11;11;10;8;5
1,00E-08;0,009;5;0,1911;9;0,2;8;18;31;49;69;87;119;156;201;256;310;382;479;586;727;875;1065;1288;1545;1860;2215;2649;3172;3821;4588;5498;6642;7918;9529;11396;13651;16353;19790;23791;28703;34408;41322;49571;59403;71331;85600;102644;122981;147057;175992;211025;253094;302827;361916;432196;0;0;0,032258065;0,102040816;0,130434783;0,114942529;0,084033613;0,070512821;0,049751244;0,05078125;0,04516129;0,052356021;0,056367432;0,056313993;0,060522696;0,060571429;0,057276995;0,049689441;0,048543689;0,052688172;0,050112867;0,046432616;0,045712484;0,048154933;0,051656495;0,052928338;0,052694971;0,049381157;0,049323119;0,048525799;0,046003956;0,047636519;0,047145023;0,047034593;0,046859213;0,047895838;0,047214559;0,046962942;0,047085164;0,04585664;0,046635514;0,047036359;0,046584432;0,046553377;0,046524842;0,04653951;0,0468245;0,046960806;0,047386686;0,047205435;75382;62805;52400;43753;36053;29221;23597;19361;15452;12454;9851;7616;5931;4624;3426;2662;2002;1493;1045;785;561;405;275;195;137;93;78;50;34;27;0;9;82;278;524;823;1100;1277;1455;1487;1527;1487;1392;1307;1245;1090;951;839;681;597;452;394;289;243;208;166;128;99;64;56
1,00E-08;0,009;5;0,1911;9;0,3;12;17;39;58;91;130;188;254;354;480;669;895;1181;1568;2101;2790;3723;5054;6679;8964;11848;15996;21378;28658;38334;51433;68544;91632;122544;163360;218226;291598;387778;515653;685130;908609;1203639;1586407;2082125;2716150;3518400;4515157;5735447;7185165;8860970;10737193;12762402;14856335;16936517;18914472;0;0,058823529;0,076923077;0,051724138;0,054945055;0,053846154;0,042553191;0,035433071;0,02259887;0,029166667;0,034379671;0,034636872;0,032176122;0,02869898;0,024750119;0,025806452;0,024711254;0,022754254;0,023057344;0,022311468;0,021353815;0,021380345;0,021470671;0,021425082;0,021364846;0,021114848;0,020774977;0,020309499;0,020213148;0,020188541;0,020510847;0,020572843;0,020728355;0,02077366;0,020960986;0,021132302;0,021164984;0,021129508;0,0211726;0,021168934;0,021262221;0,021271686;0,021328416;0,021211482;0,021222394;0,021200606;0,021244355;0,021236126;0,02124817;0,021208839;4826259;3611989;2699163;2008481;1489194;1093962;801263;581528;417544;299359;211732;149384;103640;72364;48996;33508;22187;14882;9908;6415;4179;2787;1701;1082;703;420;269;167;88;74;3;528;4494;12290;21634;30122;35886;38711;38864;36982;33400;29132;25352;20961;16980;13529;10623;8199;6301;4850;3571;2497;1841;1350;951;671;432;297;229;144
1,00E-08;0,009;5;0,1911;9;0,1;13;24;36;48;59;70;97;115;129;146;169;182;195;225;264;290;314;347;387;428;461;510;563;614;661;716;755;813;878;929;991;1063;1129;1211;1296;1394;1476;1577;1677;1790;1925;2033;2138;2262;2396;2551;2705;2912;3067;3263;0;0,041666667;0,027777778;0,041666667;0,084745763;0,128571429;0,103092784;0,156521739;0,15503876;0,212328767;0,183431953;0,153846154;0,153846154;0,128888889;0,106060606;0,082758621;0,095541401;0,106628242;0,100775194;0,112149533;0,123644252;0,119607843;0,120781528;0,128664495;0,139183056;0,146648045;0,127152318;0,143911439;0,13667426;0,141011841;0,147325933;0,150517404;0,141718335;0,133773741;0,137345679;0,146341463;0,136856369;0,138871275;0,125819917;0,130167598;0,133506494;0,139203148;0,135173059;0,138815208;0,141068447;0,143473148;0,150092421;0,142857143;0,137267688;0,1360711;272;239;287;212;200;186;171;149;143;147;122;125;91;76;65;73;50;41;35;26;23;14;16;10;12;9;4;4;4;4;0;0;1;2;2;7;9;7;15;11;22;20;23;25;21;23;30;20;35;23;12;22;11;7;13;9;17;5;5;11
1,00E-08;0,009;5;0,1911;9;0,01;6;12;23;27;34;38;50;65;76;89;98;118;126;130;132;134;136;141;144;148;141;140;138;133;137;142;145;149;148;156;161;154;150;155;156;153;157;157;160;160;167;176;169;168;162;160;158;156;152;153;0;0,083333333;0,086956522;0,074074074;0,117647059;0,131578947;0,1;0,123076923;0,131578947;0,146067416;0,183673469;0,177966102;0,238095238;0,276923077;0,318181818;0,291044776;0,286764706;0,262411348;0,270833333;0,27027027;0,269503546;0,257142857;0,268115942;0,270676692;0,248175182;0,26056338;0,227586207;0,241610738;0,22972973;0,262820513;0,347826087;0,324675325;0,34;0,322580645;0,333333333;0,300653595;0,292993631;0,331210191;0,3375;0,28125;0,299401198;0,346590909;0,343195266;0,363095238;0,382716049;0,35;0,35443038;0,365384615;0,309210526;0,281045752;2;1;4;0;3;4;2;3;6;6;2;6;7;6;5;5;5;6;3;7;5;4;8;1;4;3;1;0;0;0;0;0;0;0;0;0;1;0;0;1;1;1;1;1;1;1;1;1;2;3;0;0;3;6;0;2;2;1;2;2
1,00E-08;0,009;5;0,1911;9;0,4;11;27;52;74;130;226;363;522;784;1185;1746;2635;3900;5741;8632;12816;19093;28171;41525;61407;91035;134724;199538;294787;435328;641891;943272;1382185;2016537;2916946;4176480;5893442;8147738;10983636;14350090;18095660;21959682;25664355;28951749;31686329;33830990;35457930;36638593;37484918;38083314;38491363;38777296;38968803;39108025;39200987;0;0;0;0,027027027;0,023076923;0,026548673;0,019283747;0,019157088;0,020408163;0,02278481;0,020045819;0,014421252;0,012820513;0,012367183;0,009962929;0,010689763;0,010579794;0,010507259;0,011173992;0,010699106;0,010798045;0,010465841;0,010494242;0,010644974;0,010863073;0,011033026;0,011185533;0,011150461;0,010977235;0,010987519;0,010970003;0,010966936;0,010905603;0,010904586;0,010914078;0,010939805;0,010938546;0,010945259;0,010935781;0,010941406;0,010943783;0,010928952;0,010929868;0,01091631;0,010923498;0,01093796;0,010930494;0,010895921;0,010911111;0,010917098;12828460;8651030;5826481;3907257;2610318;1733379;1141516;746466;485480;311221;198776;126585;79342;49209;30370;18827;11480;6880;4185;2500;1407;808;455;275;153;81;44;16;17;5;8;1346;9434;23424;37791;47481;50672;49472;44780;38050;31431;24957;19339;14444;10710;7704;5567;3664;2556;1713;1177;848;545;337;197;120;80;37;27;20
1,00E-07;0,009;5;0,1911;9;0,2;17;31;52;64;80;106;149;208;263;316;395;472;557;665;808;962;1139;1376;1643;1969;2330;2756;3332;3994;4805;5767;6876;8226;9895;11827;14225;17067;20477;24448;29339;35089;41860;50003;59783;71307;85208;101328;120223;142341;168029;197832;232367;272038;317011;367616;0;0,032258065;0,076923077;0,0625;0,0625;0,075471698;0,060402685;0,043269231;0,053231939;0,075949367;0,060759494;0,05720339;0,055655296;0,05112782;0,063118812;0,068607069;0,062335382;0,058866279;0,055995131;0,052310818;0,055364807;0,051161103;0,051320528;0,053580371;0,051404787;0,047511705;0,045375218;0,048140044;0,047599798;0,048871227;0,048435852;0,048924826;0,048151585;0,04609784;0,04720679;0,047194277;0,048256092;0,047697138;0,047321145;0,047919559;0,047683316;0,046611006;0,046155894;0,046149739;0,046759786;0,047141009;0,047196891;0,047096362;0,046824874;0,046820595;64313;53407;44714;36930;30306;24835;20384;16396;13323;10811;8184;6567;4924;3826;2881;2331;1707;1286;948;671;496;368;233;175;107;95;62;43;28;18;0;13;67;239;400;681;948;1133;1198;1283;1382;1242;1262;1094;1034;898;751;671;575;495;353;296;266;207;164;134;85;90;69;49
1,00E-07;0,009;5;0,1911;9;0,3;5;13;28;48;74;114;153;199;269;368;493;637;854;1121;1458;1901;2448;3303;4361;5892;7860;10517;14024;18671;25162;33459;44348;58993;78159;103468;136568;179989;235700;306749;395922;505584;638309;794502;972488;1168075;1374462;1585361;1788779;1978296;2151171;2301758;2426414;2530320;2613951;2680705;0,2;0;0;0,0625;0,040540541;0,026315789;0,045751634;0,065326633;0,059479554;0,0625;0,060851927;0,058084772;0,052693208;0,045495094;0,038408779;0,035244608;0,034722222;0,028156222;0,025223573;0,022233537;0,022391858;0,022344775;0,021035368;0,021905629;0,02173913;0,022445381;0,022887165;0,022172122;0,021865684;0,021919821;0,022018335;0,021056842;0,021137039;0,021137803;0,02113295;0,021270452;0,021115165;0,021217064;0,021398722;0,021378764;0,021433113;0,021456312;0,02126758;0,02119703;0,021073638;0,021168602;0,021141899;0,021133295;0,021020669;0,021111238;683609;510995;383010;284405;211885;155257;113535;82364;59122;42767;30253;21030;14637;10318;7017;4676;3230;2055;1356;907;614;391;264;146;100;76;37;23;14;5;0;83;626;1697;3014;4221;4970;5592;5436;5269;4856;4138;3583;2916;2343;1976;1479;1107;856;633;517;367;250;204;152;100;66;49;37;14
1,00E-07;0,009;5;0,1911;9;0,4;28;47;93;145;222;354;554;831;1252;1839;2725;3995;5989;8844;13165;19551;28777;42413;62651;91991;134794;196259;284219;406763;573995;796003;1074709;1407482;1779371;2163485;2533660;2867763;3147556;3369394;3536748;3655839;3740828;3803745;3846479;3877383;3895020;3907682;3916420;3923051;3924272;3928403;3931640;3933540;3934320;3934969;0,035714286;0,021276596;0,010752688;0,013793103;0,018018018;0,019774011;0,016245487;0,025270758;0,021565495;0,02011963;0,017614679;0,015269086;0,013357823;0,01232474;0,011773642;0,011508363;0,012301491;0,011694528;0,011396466;0,011370678;0,01125421;0,011388013;0,011213184;0,011156374;0,011078494;0,010797698;0,010934123;0,010897475;0,010970731;0,011015098;0,010959245;0,010922102;0,010924349;0,010957757;0,010943104;0,010919518;0,010887697;0,01099732;0,010968473;0,010970544;0,010938326;0,010957391;0,010945966;0,010960857;0,010973755;0,010942869;0,010957514;0,011000524;0,01104689;0,010997037;1287611;867933;586034;391792;261756;173867;114290;75029;48676;31450;19997;12672;7881;4985;3055;1814;1137;683;435;243;139;98;58;26;16;6;3;5;3;1;1;140;974;2362;3882;4804;5033;4922;4561;3854;3157;2590;1926;1470;1068;775;554;409;265;188;105;87;50;38;25;15;6;3;6;3
1,00E-07;0,009;5;0,1911;9;0,5;17;46;97;176;303;491;849;1375;2290;3783;6261;10344;17047;28092;45920;74652;121381;196324;314377;496098;764893;1143059;1635450;2215223;2826342;3396862;3874498;4236019;4491332;4663303;4771217;4843845;4888108;4915031;4932037;4945756;4946645;4950446;4954988;4955405;4954200;4957785;4957739;4955177;4954903;4957564;4959940;4961718;4964635;4964289;0;0;0,020618557;0,017045455;0,01650165;0,016293279;0,010600707;0,010181818;0,007860262;0,008458895;0,006229037;0,006283836;0,007332669;0,007012673;0,007360627;0,006979049;0,006829734;0,006463805;0,006479482;0,00626086;0,00625447;0,00620003;0,006173224;0,006179965;0,006169459;0,006183943;0,006263521;0,006198745;0,006194821;0,006142856;0,006119613;0,006182279;0,006183988;0,006196706;0,006184057;0,006182675;0,006076442;0,006145911;0,0062206;0,006212005;0,00620524;0,006186432;0,006128398;0,006146703;0,006137961;0,006164318;0,0061533;0,006203093;0,006179508;0,006196456;1944987;1185002;721063;436399;262760;157851;94019;55230;32373;18840;10867;6148;3537;1961;1140;640;328;174;93;61;28;15;8;4;0;1;0;0;0;0;1;208;1145;2556;3832;4345;4203;3658;3016;2395;1711;1207;855;577;417;229;155;118;43;33;21;13;11;3;6;2;1;0;0;0
1,00E-07;0,009;5;0,1911;9;0,01;7;14;22;34;41;51;54;62;64;69;78;89;97;103;107;112;119;125;128;127;128;126;131;132;133;137;140;140;134;129;130;127;133;138;139;140;144;142;141;149;159;157;157;156;156;155;161;164;163;169;0;0,071428571;0,045454545;0,058823529;0,097560976;0,156862745;0,203703704;0,241935484;0,203125;0,188405797;0,230769231;0,134831461;0,164948454;0,203883495;0,186915888;0,196428571;0,210084034;0,28;0,2734375;0,299212598;0,265625;0,26984127;0,267175573;0,265151515;0,315789474;0,321167883;0,335714286;0,342857143;0,343283582;0,325581395;0,323076923;0,291338583;0,293233083;0,289855072;0,309352518;0,264285714;0,277777778;0,253521127;0,290780142;0,308724832;0,314465409;0,305732484;0,312101911;0,307692308;0,307692308;0,290322581;0,267080745;0,274390244;0,263803681;0,25443787;3;3;0;5;8;3;4;3;5;6;9;5;4;5;4;2;6;7;3;7;5;4;5;3;5;2;1;4;2;1;0;0;0;0;0;0;0;0;0;0;0;1;2;0;1;2;2;1;5;0;7;0;1;3;1;5;0;0;1;2
1,00E-07;0,009;5;0,1911;9;0,1;13;19;26;37;52;70;81;99;112;123;140;156;178;201;226;249;274;296;319;340;384;422;474;496;531;568;598;650;687;722;776;838;888;939;1001;1066;1144;1211;1278;1363;1454;1567;1655;1740;1833;1972;2088;2221;2356;2500;0;0,105263158;0,115384615;0,108108108;0,115384615;0,085714286;0,148148148;0,141414141;0,160714286;0,195121951;0,214285714;0,211538462;0,202247191;0,164179104;0,168141593;0,156626506;0,145985401;0,121621622;0,115987461;0,114705882;0,130208333;0,125592417;0,122362869;0,118951613;0,109227872;0,133802817;0,117056856;0,116923077;0,132459971;0,135734072;0,145618557;0,137231504;0,134009009;0,127795527;0,137862138;0,142589118;0,145979021;0,149463254;0,157276995;0,146735143;0,15474553;0,15252074;0,15347432;0,152298851;0,145117294;0,139959432;0,138409962;0,139576767;0,131154499;0,1228;207;194;180;162;189;141;126;135;138;102;99;73;70;71;50;48;43;35;26;22;20;12;9;6;10;6;1;4;2;2;0;0;0;0;1;2;6;3;6;8;23;15;14;10;14;12;12;17;24;13;8;12;19;10;19;7;6;10;4;10
1,00E-06;0,009;5;0,1911;9;0,2;15;29;47;72;94;123;151;185;234;280;340;422;509;618;765;906;1098;1295;1577;1891;2276;2754;3297;3917;4707;5658;6805;8057;9600;11348;13495;15936;18799;22116;25949;30364;35516;40968;47167;53764;60927;68841;76700;84915;93287;101679;109604;117274;124640;131654;0;0,034482759;0,021276596;0,041666667;0,042553191;0,073170732;0,066225166;0,075675676;0,08974359;0,089285714;0,073529412;0,061611374;0,05108055;0,04368932;0,040522876;0,050772627;0,057377049;0,06023166;0,057070387;0,060285563;0,057996485;0,056281772;0,051865332;0,051314782;0,053537285;0,049487451;0,049816312;0,050763311;0,049270833;0,04705675;0,048165987;0,047063253;0,047396138;0,047657804;0,047631893;0,046831774;0,047922063;0,048379223;0,04715161;0,046648315;0,046481855;0,045902878;0,045840939;0,045963611;0,046308703;0,046479607;0,046658881;0,047009567;0,046919127;0,046941225;23050;19207;15929;13234;10978;8945;7275;5914;4730;3752;2892;2327;1777;1434;1104;765;592;433;313;231;156;130;86;57;60;45;16;14;8;5;0;2;39;81;165;268;319;366;438;484;454;452;460;395;354;334;284;214;239;175;125;110;75;93;70;45;38;19;20;17
1,00E-06;0,009;5;0,1911;9;0,3;12;24;39;70;101;157;213;295;403;548;772;1050;1407;1900;2536;3374;4532;6097;8125;10817;14185;18641;24493;31747;40976;52205;65788;81658;99506;119342;140102;161190;181725;200762;217524;231790;244289;254642;262267;269013;274059;277632;280738;283607;284996;286623;287093;287967;288575;288992;0;0,041666667;0,128205128;0,071428571;0,099009901;0,057324841;0,051643192;0,040677966;0,032258065;0,031021898;0,025906736;0,02;0,022743426;0,024210526;0,025630915;0,019561352;0,022285966;0,023946203;0,022646154;0,022094851;0,022488544;0,021887238;0,02074062;0,021230352;0,022134908;0,022124318;0,021660485;0,021430846;0,021747432;0,022154816;0,02129163;0,02109312;0,021637089;0,021328738;0,02133098;0,020824885;0,021163458;0,021630367;0,021569622;0,021292651;0,02111954;0,021352006;0,021265379;0,021156036;0,020982751;0,021086933;0,021076794;0,021030187;0,021190332;0,021194358;73799;55034;41324;30796;22654;16838;12252;8946;6269;4524;3301;2281;1523;1052;762;480;343;256;160;94;74;35;30;16;6;9;1;1;2;4;0;6;61;220;355;445;523;564;580;571;521;444;395;354;230;210;155;137;96;69;62;37;30;25;10;10;2;2;5;1
1,00E-06;0,009;5;0,1911;9;0,4;15;35;51;83;135;210;340;503;736;1038;1469;2171;3204;4772;7046;10196;15001;21682;31417;44709;62708;86366;116141;150808;188408;226608;263394;294808;321471;342297;356961;369035;376869;381556;385484;388410;389081;390625;391944;392335;392351;392717;393000;393431;394334;395007;394493;393593;393738;394107;0;0;0,019607843;0,036144578;0,02962963;0,042857143;0,047058824;0,027833002;0,025815217;0,023121387;0,023144997;0,019345924;0,017478152;0,014668902;0,014334374;0,013632797;0,012665822;0,011760908;0,011363275;0,011675502;0,011609364;0,011856518;0,011451598;0,011146624;0,011151331;0,011349996;0,011188562;0,011098749;0,011198522;0,011218328;0,011144075;0,01095831;0,010929527;0,010855549;0,011014724;0,010960068;0,010979719;0,01101312;0,010909722;0,011092561;0,011066621;0,010959546;0,010969466;0,010926948;0,011132695;0,010989679;0,010905136;0,010805578;0,010882871;0,010773724;129198;86894;58581;39020;26221;17463;11512;7549;4858;3215;2026;1255;776;473;327;174;133;75;46;22;20;10;8;2;1;1;0;1;0;0;0;18;78;211;364;465;473;499;430;391;338;249;207;151;128;76;43;41;23;13;15;13;10;6;1;0;1;1;0;1
1,00E-06;0,009;5;0,1911;9;0,5;18;41;64;127;209;357;574;967;1590;2620;4277;7030;11381;18530;29943;47363;73453;110012;158425;215621;277004;334786;383725;420906;447971;466396;477796;484521;488883;490695;493468;494114;494834;496367;495604;494998;495198;495389;495239;496623;495966;496402;495982;495826;496490;496399;496036;495681;496277;496718;0;0,048780488;0,03125;0,031496063;0,019138756;0,019607843;0,010452962;0,009307135;0,01509434;0,01221374;0,008884732;0,0056899;0,007732185;0,007285483;0,007113516;0,006735215;0,006385035;0,006226593;0,006312135;0,006302726;0,006238177;0,006189028;0,00633266;0,006186655;0,006042802;0,006009914;0,006211856;0,006154532;0,006079164;0,00592425;0,006006469;0,006028973;0,005870656;0,006031827;0,006186391;0,006274773;0,006157133;0,006181001;0,00616672;0,00609114;0,006224217;0,006166373;0,006181676;0,006250176;0,00618945;0,006081801;0,005951181;0,006005879;0,006010756;0,005898719;194972;118790;71981;43563;26229;15855;9283;5516;3261;1864;1036;637;345;189;126;67;29;24;7;7;3;1;1;0;1;0;0;0;0;0;1;23;99;207;380;406;443;367;283;219;146;127;87;57;31;25;13;9;3;0;2;1;0;1;0;0;0;0;0;0
1,00E-06;0,009;5;0,1911;9;0,6;9;23;52;107;194;352;661;1215;2135;3776;6848;12377;22047;38889;67462;112562;177329;258473;347311;427567;490331;534333;561112;576895;586309;591177;593761;594465;595680;596413;596005;596475;597659;597113;596231;597098;598550;597626;597526;596590;597338;598085;597111;596607;596523;596435;596955;596771;597207;596685;0;0;0,019230769;0,018691589;0,036082474;0,022727273;0,019667171;0,01563786;0,011709602;0,008474576;0,006279206;0,004847701;0,004127546;0,003779989;0,003824375;0,003908957;0,003783927;0,003659957;0,003768956;0,003903482;0,003895328;0,003720526;0,003753261;0,003725115;0,003651658;0,003728156;0,003797824;0,003825288;0,003676471;0,003742373;0,00371809;0,003515654;0,003567252;0,00368272;0,003740161;0,003793347;0,003849302;0,003733104;0,003844184;0,003739587;0,003783453;0,003715191;0,003709528;0,003697576;0,003770182;0,003712056;0,003623389;0,003713317;0,003725676;0,003720556;268679;147876;81322;44609;24116;12876;6939;3766;2085;1076;568;259;145;68;33;23;12;5;4;1;2;0;0;0;0;0;0;0;0;0;0;18;132;245;363;354;338;258;160;119;81;54;34;22;16;13;6;6;0;0;1;0;0;0;0;0;0;0;0;0
1,00E-06;0,009;5;0,1911;9;0,7;19;65;116;232;496;965;1910;3887;7764;15459;30266;58170;107889;188439;297816;417359;524110;598212;644889;669958;683516;690162;693612;694345;695632;697105;698312;699366;697844;697457;696721;697523;697813;698418;697766;697781;698833;699006;698299;697256;698819;697798;698167;696847;698183;698409;698191;698030;698291;696718;0;0;0,00862069;0,025862069;0,018145161;0,011398964;0,005759162;0,004373553;0,003735188;0,003363736;0,00261019;0,002389548;0,002382078;0,002377427;0,0024176;0,002362475;0,002287688;0,002360367;0,002358545;0,002418062;0,002364246;0,00239509;0,002456705;0,002433949;0,002458196;0,002434354;0,002321312;0,002415044;0,002266982;0,002291181;0,00223906;0,002249388;0,00226565;0,002349596;0,002403385;0,002371804;0,002299548;0,002327591;0,002486041;0,002360682;0,0023368;0,002413306;0,002420624;0,002465391;0,002400517;0,00232099;0,002323147;0,00229503;0,00229274;0,002284999;350057;174517;86906;42859;20869;10198;5048;2458;1197;558;241;120;57;20;8;4;6;1;0;1;1;1;0;0;0;0;0;0;0;0;0;28;154;246;267;274;201;148;95;70;42;40;13;6;4;1;2;0;1;0;0;0;0;0;0;0;0;0;0;0
1,00E-06;0,009;5;0,1911;9;0,8;13;47;116;272;622;1417;3124;6922;15521;33778;71407;142382;260106;412547;561368;670735;735385;769159;784365;792650;797196;796867;797437;797473;797354;799370;799886;799958;798844;797673;797761;798365;798343;799172;798984;798474;796981;797338;798382;798487;798018;796646;797769;798684;797887;798192;798509;798090;798910;799463;0;0,021276596;0,00862069;0,014705882;0,003215434;0,00564573;0,004481434;0,003322739;0,002512725;0,002072355;0,001918579;0,00165049;0,001641638;0,001599818;0,001599664;0,001638501;0,001610041;0,001560146;0,001563048;0,001521479;0,001554197;0,001534761;0,001489773;0,001453341;0,001466099;0,001526202;0,001531468;0,001496329;0,001530962;0,001479303;0,001528027;0,001442949;0,001495598;0,001531585;0,001493146;0,0015204;0,001567164;0,001550158;0,001536858;0,001534151;0,00158643;0,001532676;0,00159194;0,001591368;0,001561625;0,001519684;0,001584203;0,001558721;0,001484523;0,001527275;439846;197640;89090;40009;17676;7854;3543;1484;612;295;102;43;23;12;7;3;2;0;1;0;0;0;0;0;0;0;0;0;0;0;0;34;128;231;267;213;122;92;52;33;25;12;7;2;2;1;0;0;0;0;0;0;0;0;0;0;0;0;0;0
1,00E-06;0,009;5;0,1911;9;0,1;7;16;26;33;41;49;57;66;91;108;121;133;152;174;193;206;226;241;256;286;305;338;364;407;431;486;533;584;624;677;717;764;838;910;966;1041;1118;1226;1318;1398;1529;1627;1745;1865;2007;2155;2306;2468;2624;2782;0;0;0,076923077;0,090909091;0,073170732;0,102040816;0,105263158;0,090909091;0,131868132;0,138888889;0,140495868;0,15037594;0,151315789;0,143678161;0,14507772;0,126213592;0,123893805;0,145228216;0,14453125;0,15034965;0,150819672;0,142011834;0,126373626;0,100737101;0,11136891;0,109053498;0,120075047;0,118150685;0,121794872;0,119645495;0,121338912;0,121727749;0,114558473;0,114285714;0,114906832;0,121037464;0,118962433;0,118270799;0,118361153;0,105865522;0,117724003;0,123540258;0,122063037;0,121715818;0,120577977;0,1225058;0,120121422;0,121961102;0,123856707;0,130122214;211;205;221;195;188;179;147;135;110;124;94;87;94;74;58;49;54;46;30;19;23;19;11;13;5;5;6;6;5;2;0;0;0;1;4;9;4;10;6;20;19;22;15;11;26;17;20;25;16;15;16;13;11;12;10;11;7;3;6;5
1,00E-06;0,009;5;0,1911;9;0,01;9;21;25;29;42;48;53;56;63;72;80;85;96;98;101;104;105;107;110;119;124;121;128;125;124;121;125;122;123;129;134;139;137;141;131;130;135;134;136;141;139;137;137;136;138;141;138;135;133;136;0;0,095238095;0,2;0,137931034;0,142857143;0,166666667;0,150943396;0,178571429;0,206349206;0,25;0,2375;0,270588235;0,25;0,234693878;0,267326733;0,278846154;0,228571429;0,261682243;0,263636364;0,243697479;0,290322581;0,256198347;0,2421875;0,272;0,290322581;0,289256198;0,304;0,303278689;0,284552846;0,255813953;0,28358209;0,251798561;0,299270073;0,326241135;0,335877863;0,330769231;0,303703704;0,313432836;0,308823529;0,304964539;0,287769784;0,299270073;0,277372263;0,360294118;0,34057971;0,375886525;0,369565217;0,385185185;0,37593985;0,382352941;0;2;2;5;1;1;1;1;1;2;2;2;4;9;6;7;7;6;6;3;1;4;1;6;1;1;1;0;0;1;0;0;0;0;0;0;0;2;1;1;0;0;1;0;0;1;1;2;5;0;2;5;4;4;1;1;0;2;3;2
1,00E-05;0,009;5;0,1911;9;0,2;8;19;33;44;65;80;95;131;172;221;275;348;416;498;591;717;854;1007;1209;1456;1747;2073;2456;2863;3360;3865;4488;5108;5833;6570;7355;8212;9071;9878;10668;11400;12030;12847;13519;14186;14881;15415;15770;15996;16380;16709;16998;17153;17377;17470;0;0,052631579;0,121212121;0,113636364;0,138461538;0,1375;0,126315789;0,091603053;0,069767442;0,076923077;0,065454545;0,066091954;0,079326923;0,068273092;0,060913706;0,069735007;0,057377049;0,058589871;0,050454921;0,041895604;0,053806525;0,054510371;0,057410423;0,054488299;0,052678571;0,052263907;0,053921569;0,051683634;0,048859935;0,050684932;0,047994562;0,047856795;0,046742366;0,045252075;0,048743907;0,050087719;0,050706567;0,048727329;0,048746209;0,047864091;0,047913447;0,049172884;0,047812302;0,04819955;0,045848596;0,044167814;0,045005295;0,044423716;0,044886919;0,043503148;3005;2576;2120;1765;1442;1188;957;813;661;516;362;293;259;175;154;117;79;58;55;36;35;14;10;5;3;2;3;0;2;1;0;0;3;11;25;29;41;47;56;50;68;54;47;46;45;34;46;33;25;16;18;24;11;8;5;2;3;2;4;2
1,00E-05;0,009;5;0,1911;9;0,3;12;35;56;83;130;172;222;319;417;569;737;984;1313;1781;2303;2993;3832;4874;6181;7729;9418;11318;13260;15268;17293;19300;21025;22672;23997;25165;26019;26618;27183;27606;27606;27754;28159;28388;28639;28705;28979;29151;29047;28934;28879;28959;28670;28740;28767;28860;0;0,028571429;0,071428571;0,084337349;0,069230769;0,040697674;0,040540541;0,018808777;0,019184652;0,029876977;0,03256445;0,037601626;0,031987814;0,026951151;0,027789839;0,027731373;0,028183716;0,026466968;0,023782559;0,021736318;0,023359524;0,02359074;0,024208145;0,02259628;0,021800729;0,019896373;0,019928656;0,021877205;0,022044422;0,022133916;0,021830201;0,021714629;0,022182982;0,020937477;0,020575237;0,020249333;0,020100146;0,021734536;0,021439296;0,021738373;0,020566617;0,020994134;0,02131029;0,020564042;0,019876034;0,020235505;0,020753401;0,021259569;0,021795808;0,021933472;7378;5487;4179;2948;2286;1686;1193;905;682;456;331;230;152;93;69;48;39;31;8;7;8;2;3;3;1;0;0;1;1;0;0;0;10;23;47;40;62;53;65;58;48;47;37;28;25;19;14;14;11;5;8;10;1;0;2;2;1;0;2;0
1,00E-05;0,009;5;0,1911;9;0,4;12;27;54;94;138;208;314;448;685;1012;1470;2217;3199;4567;6531;9057;12085;15642;19558;23379;26929;29940;32635;34508;35942;37044;37611;38131;38466;38749;39102;39198;39220;39172;39355;39125;39379;39226;39459;39291;39504;39591;39655;39430;39397;39520;39532;39502;39312;39340;0;0,037037037;0,074074074;0,042553191;0,057971014;0,052884615;0,025477707;0,026785714;0,024817518;0,015810277;0,014965986;0,01443392;0,014692091;0,012042917;0,011483693;0,011151595;0,010757137;0,010868175;0,011401984;0,011506052;0,010620521;0,011723447;0,011827792;0,012084154;0,011323799;0,011121909;0,011565765;0,010542603;0,0103468;0,011329325;0,010843435;0,011429155;0,011193269;0,01061983;0,010977004;0,010939297;0,011503593;0,011726916;0,010872044;0,010943982;0,011543135;0,011618802;0,0110957;0,011336546;0,01114298;0,010652834;0,0106496;0,011518404;0,011268824;0,011667514;12929;8643;5855;3921;2570;1737;1140;735;485;305;208;120;100;48;39;14;12;7;4;3;2;1;1;2;0;0;0;0;0;0;0;1;17;26;29;47;56;53;60;36;46;17;19;9;15;7;10;1;4;3;0;1;0;2;0;0;0;0;0;0
1,00E-05;0,009;5;0,1911;9;0,5;19;35;76;118;195;329;527;837;1362;2177;3576;5586;8463;12464;17574;23604;29501;34895;39269;42664;45189;46688;47685;48507;48893;49009;49446;49370;49269;49314;49639;49581;49811;49794;49791;49495;49782;49655;49803;49832;49867;49507;49586;49781;49385;49302;49197;49337;49085;49215;0;0,085714286;0,039473684;0,033898305;0,025641026;0,027355623;0,024667932;0,01911589;0,016152717;0,011024345;0,009787472;0,010741139;0,008743944;0,006899872;0,006657562;0,006947975;0,006881123;0,006906434;0,006748326;0,006000375;0,005687225;0,00526902;0,00614449;0,005896056;0,005890414;0,006243751;0,006431258;0,00656269;0,006170208;0,00579957;0,006224944;0,005667494;0,005400414;0,00586416;0,005663674;0,005596525;0,006126712;0,00618266;0,006224525;0,006261037;0,006256643;0,006827317;0,006655104;0,006327715;0,006985927;0,007241086;0,007276866;0,006404929;0,006152592;0,005892512;19270;11846;7132;4231;2663;1568;937;506;333;169;123;55;36;24;11;8;7;0;4;1;1;0;0;0;1;0;0;0;0;0;0;1;10;24;41;39;41;37;27;23;15;11;3;6;5;1;3;0;2;0;0;1;0;0;0;0;0;0;0;0
1,00E-05;0,009;5;0,1911;9;0,6;21;38;79;166;324;621;1119;2034;3607;6269;10551;16860;25048;33759;41713;48244;52600;55736;57619;58282;58872;59319;59760;59860;59823;60058;59875;59798;59976;59778;60138;60201;60195;60026;60067;59710;59965;59670;59288;59397;59355;59382;59748;59938;60166;60154;59843;59845;59582;59239;0;0,026315789;0,037974684;0,018072289;0,015432099;0,017713366;0,013404826;0,0093412;0,006930968;0,005902058;0,005117998;0,004863582;0,004391568;0,004354394;0,004075468;0,004083409;0,003745247;0,003624229;0,003957028;0,003671803;0,003499117;0,003877341;0,003614458;0,003591714;0,003476924;0,003613174;0,003724426;0,003645607;0,003618114;0,003897755;0,003874422;0,003720868;0,0035385;0,003731716;0,003595984;0,00371797;0,003802218;0,003502598;0,003811901;0,00407428;0,004110858;0,004378431;0,003866238;0,003670459;0,003556826;0,003540912;0,003626155;0,003575904;0,00369239;0,003612485;26316;14706;8152;4457;2487;1310;741;411;221;119;49;26;15;6;5;2;0;2;0;0;0;0;0;0;0;0;0;0;0;0;0;3;21;20;28;38;35;27;17;9;7;1;2;5;1;0;0;0;0;0;0;0;0;0;0;0;0;0;0;0
1,00E-05;0,009;5;0,1911;9;0,7;23;47;107;227;455;929;1876;3695;7060;12981;21930;33613;45580;55411;61617;65641;67436;68589;69245;69644;69878;69794;70310;69780;69915;70280;70092;69708;70172;69899;69861;69812;69489;69767;69772;70070;69700;69896;69744;69931;69600;69207;69499;69661;69827;69668;70053;70227;69982;69525;0,043478261;0,021276596;0,018691589;0,026431718;0,01978022;0,009687836;0,006396588;0,005142084;0,002974504;0,003081427;0,002097583;0,002380032;0,002523036;0,002400245;0,00228833;0,002208985;0,002387449;0,002230678;0,002209546;0,002397909;0,002275394;0,002206493;0,002304082;0,002178275;0,002231281;0,002390438;0,002553786;0,002381362;0,00265063;0,00274682;0,002605173;0,002277545;0,002374477;0,002107013;0,002278851;0,002226345;0,002180775;0,002432185;0,002308442;0,001959074;0,002399425;0,002369702;0,002230248;0,002397324;0,00219113;0,00238273;0,00232681;0,002406482;0,002171987;0,002358864;34928;17348;8655;4302;2108;1033;487;247;137;57;28;19;2;3;1;1;2;0;1;2;0;1;0;0;0;0;0;0;0;0;0;3;15;28;32;34;19;10;6;8;6;1;0;1;0;1;0;0;0;0;0;0;0;0;0;0;0;0;0;0
1,00E-05;0,009;5;0,1911;9;0,8;15;46;122;280;644;1442;3061;6622;13406;24681;39871;54963;66285;73428;76901;78513;79257;79446;79460;79504;79713;79902;79940;79957;79793;79998;79742;79775;79924;79843;79347;79625;79711;80131;79979;80356;80050;80009;79642;79502;79939;79704;78910;79108;79798;79909;79689;79514;79602;79831;0,066666667;0,02173913;0,008196721;0,010714286;0,004658385;0,004160888;0,002940216;0,002114165;0,002536178;0,002228435;0,001855986;0,001710241;0,001689673;0,001579779;0,001495429;0,001541146;0,001261718;0,001359414;0,001422099;0,001534514;0,001430131;0,001589447;0,00161371;0,001788461;0,00180467;0,001562539;0,001542474;0,001754936;0,001626545;0,001791015;0,001562756;0,001519623;0,001455257;0,00143515;0,0015254;0,001518244;0,001561524;0,001474834;0,001406293;0,001459083;0,001338521;0,00154321;0,001355975;0,001668605;0,001616582;0,001539251;0,001744281;0,001697814;0,001670812;0,001753705;43963;19746;8781;3940;1841;810;340;134;64;34;18;10;4;2;2;1;0;0;0;1;0;0;0;0;0;0;0;0;0;0;0;3;9;27;28;25;25;7;6;5;2;1;1;1;0;0;0;0;0;0;0;0;0;0;0;0;0;0;0;0
1,00E-05;0,009;5;0,1911;9;0,01;11;18;30;41;53;59;69;72;84;89;93;96;94;98;98;103;102;110;109;112;112;115;121;123;119;122;119;123;132;131;129;133;132;130;125;126;131;138;140;143;146;144;148;147;154;151;148;148;147;143;0;0;0,066666667;0,073170732;0,132075472;0,220338983;0,231884058;0,236111111;0,214285714;0,235955056;0,215053763;0,229166667;0,20212766;0,214285714;0,173469388;0,194174757;0,205882353;0,218181818;0,247706422;0,285714286;0,303571429;0,313043478;0,330578512;0,292682927;0,285714286;0,303278689;0,268907563;0,260162602;0,28030303;0,282442748;0,325581395;0,360902256;0,318181818;0,3;0,32;0,317460317;0,320610687;0,304347826;0,285714286;0,27972028;0,308219178;0,277777778;0,290540541;0,292517007;0,318181818;0,344370861;0,351351351;0,351351351;0,31292517;0,314685315;0;1;2;2;1;2;1;5;6;3;3;4;9;2;4;2;5;4;6;3;2;10;5;2;2;4;1;0;1;1;0;0;0;0;0;0;0;0;0;1;0;2;1;0;3;2;3;1;3;1;2;1;2;0;3;3;1;0;0;3
1,00E-05;0,009;5;0,1911;9;0,1;13;27;35;54;64;88;107;128;140;159;182;198;219;237;260;292;329;362;399;442;458;484;517;561;599;641;687;732;782;834;896;954;1008;1079;1138;1182;1247;1353;1441;1530;1629;1704;1793;1875;1989;2097;2182;2298;2431;2532;0;0;0,085714286;0,074074074;0,078125;0,045454545;0,065420561;0,078125;0,085714286;0,113207547;0,126373626;0,116161616;0,100456621;0,101265823;0,111538462;0,109589041;0,100303951;0,113259669;0,122807018;0,131221719;0,141921397;0,146694215;0,145067698;0,147950089;0,141903172;0,135725429;0,141193595;0,135245902;0,132992327;0,128297362;0,135044643;0,1278826;0,121031746;0,134383689;0,130052724;0,141285956;0,138732959;0,133776792;0,132546842;0,137254902;0,137507673;0,129107981;0,127161182;0,1264;0,125691302;0,130662852;0,135197067;0,134029591;0,13368984;0,127172196;212;234;190;166;176;162;133;136;115;104;81;92;82;50;35;52;38;26;26;29;17;17;6;5;7;8;1;4;2;0;0;0;0;2;2;9;2;11;7;14;22;14;31;14;13;18;14;21;14;13;16;15;7;10;10;7;9;4;2;4
1,00E-04;0,009;5;0,1911;9;0,2;6;27;38;56;75;94;114;145;173;209;259;320;370;430;498;564;643;751;835;936;1031;1120;1191;1302;1394;1446;1548;1616;1654;1675;1730;1773;1795;1814;1828;1837;1823;1818;1819;1850;1854;1904;1851;1875;1911;1920;1893;1888;1885;1900;0;0,074074074;0,078947368;0,089285714;0,066666667;0,063829787;0,061403509;0,068965517;0,086705202;0,09569378;0,073359073;0,065625;0,059459459;0,062790698;0,064257028;0,058510638;0,045101089;0,045272969;0,046706587;0,041666667;0,043646945;0,046428571;0,046179681;0,0453149;0,043758967;0,050484094;0,052325581;0,053217822;0,050785973;0,047164179;0,050867052;0,043993232;0,050696379;0,049614112;0,051422319;0,044093631;0,042238069;0,041254125;0,046179219;0,044864865;0,045846818;0,048844538;0,045921124;0,0416;0,045002616;0,04375;0,043317485;0,040783898;0,041909814;0,045263158;350;261;225;213;162;129;95;75;72;52;44;23;26;27;18;8;13;5;0;4;2;3;2;1;0;1;1;1;0;0;0;0;0;0;1;4;3;7;4;4;9;6;8;1;7;3;2;3;4;4;2;2;1;2;4;1;2;1;1;0
1,00E-04;0,009;5;0,1911;9;0,3;15;33;56;85;129;185;226;295;374;474;592;727;902;1098;1313;1539;1811;1996;2186;2339;2487;2611;2681;2736;2761;2772;2809;2820;2864;2907;2921;3003;2961;2976;3021;2987;2993;2960;2970;2914;2903;2888;2928;2967;2975;2956;2915;2949;2959;2913;0;0,060606061;0,053571429;0,058823529;0,03875969;0,048648649;0,057522124;0,054237288;0,048128342;0,042194093;0,035472973;0,03301238;0,029933481;0,032786885;0,023610053;0,023391813;0,020982882;0,021543086;0,019213175;0,018383925;0,022517089;0,026809651;0,026482656;0,024122807;0,025353133;0,023088023;0,025987896;0,025531915;0,023743017;0,019263846;0,020198562;0,019314019;0,01891253;0,018145161;0,023171135;0,021091396;0,023387905;0,024324324;0,01986532;0,01921757;0,017912504;0,017313019;0,021174863;0,02595214;0,024537815;0,02097429;0,017838765;0,018989488;0,020953025;0,016477858;751;561;450;279;238;162;142;68;67;46;18;25;14;14;8;9;3;3;2;0;2;2;0;0;0;0;0;0;0;0;0;0;2;1;3;2;1;8;8;5;3;1;1;7;1;1;3;0;0;1;0;0;0;0;0;0;0;0;0;0
1,00E-04;0,009;5;0,1911;9;0,4;13;28;50;95;143;216;307;443;645;904;1204;1623;2044;2418;2826;3167;3367;3543;3611;3662;3797;3807;3843;3884;3867;3902;3908;3965;3966;3918;3935;3992;3965;3948;3927;3906;3924;3969;4005;4037;3980;3971;3958;4064;3961;3911;3978;4010;3948;3940;0;0,035714286;0,06;0,042105263;0,027972028;0,018518519;0,016286645;0,018058691;0,020155039;0,014380531;0,016611296;0,012322859;0,014187867;0,012820513;0,012384996;0,013261762;0,011286011;0,010160881;0,011077264;0,012834517;0,012641559;0,010506961;0,009888108;0,010298661;0,009050944;0,009994874;0,011514841;0,010844893;0,010842158;0,011740684;0,011181703;0,009769539;0,010088272;0,011651469;0,011459129;0,011776754;0,012996942;0,013857395;0,01298377;0,012385435;0,011809045;0,010576681;0,012127337;0,011072835;0,011360767;0,010994631;0,011060835;0,010224439;0,010385005;0,010152284;1287;878;595;396;242;179;130;68;36;37;25;10;9;1;0;0;3;1;0;0;2;0;2;0;0;0;0;0;0;0;0;0;0;4;4;9;3;4;5;0;0;3;1;2;1;1;0;2;0;1;0;0;0;0;0;0;0;0;0;0
1,00E-04;0,009;5;0,1911;9;0,5;17;44;82;141;235;383;611;938;1396;1971;2559;3179;3735;4157;4379;4636;4778;4890;4917;4856;4979;4977;4993;4944;5023;5070;5073;5085;5016;5081;5044;5006;4960;5054;4976;5043;5057;5047;5034;5077;5034;4977;4912;4938;4933;4978;4977;5000;5051;5039;0,058823529;0,090909091;0,085365854;0,035460993;0,025531915;0,028720627;0,021276596;0,017057569;0,012893983;0,011161847;0,009769441;0,009122366;0,006961178;0,008178975;0,00867778;0,006902502;0,006069485;0,006748466;0,005491153;0,004736409;0,006627837;0,006831425;0,007610655;0,007281553;0,005773442;0,006311637;0,006505027;0,00747296;0,007974482;0,008462901;0,008921491;0,00719137;0,006854839;0,005935892;0,00562701;0,004362483;0,004745897;0,004953438;0,005164879;0,005318101;0,00476758;0,005224031;0,008550489;0,009720535;0,008716805;0,008035356;0,008840667;0,0078;0,00653336;0,005953562;1951;1255;709;454;269;147;89;45;31;25;9;12;4;2;3;1;0;1;1;1;0;0;0;0;0;0;0;0;0;0;0;0;0;6;2;4;1;3;4;2;3;1;1;1;0;0;0;1;0;0;0;0;1;0;0;0;0;0;0;0
1,00E-04;0,009;5;0,1911;9;0,6;14;44;110;221;378;630;1092;1741;2468;3356;4172;4806;5319;5462;5675;5719;5834;6040;5925;5903;6011;5934;5922;6078;5938;6070;6050;6053;6043;5952;6072;6077;6091;6122;6065;6071;6066;6006;6040;6002;6148;6188;6098;6100;6025;5916;5898;5856;5916;5909;0;0,022727273;0,027272727;0,022624434;0,015873016;0,012698413;0,006410256;0,008615738;0,008508914;0,005661502;0,005752637;0,004785685;0,002820079;0,003112413;0,004405286;0,005420528;0,004285225;0,003311258;0,003206751;0,003218702;0,004491765;0,00438153;0,004390409;0,003455084;0,003873358;0,004118616;0,005289256;0,004791013;0,004302499;0,004872312;0,003952569;0,005101201;0,003611886;0,00277687;0,002967848;0,004776808;0,003791625;0,003330003;0,004470199;0,003832056;0,00325309;0,003878474;0,004755658;0,00557377;0,005311203;0,004732928;0,003899627;0,004098361;0,003887762;0,003892368;2604;1475;788;431;254;150;89;41;19;16;4;4;3;1;0;1;0;1;0;2;2;0;1;0;0;0;0;0;0;0;0;2;0;3;0;4;7;3;0;0;1;1;1;0;0;1;0;0;0;0;0;0;0;0;0;0;0;0;0;0
1,00E-04;0,009;5;0,1911;9;0,7;15;32;81;185;408;810;1429;2390;3567;4776;5661;6326;6647;6760;6936;6925;7012;6901;6914;6986;6959;6994;7009;6948;6899;6954;7038;6946;6810;6826;7005;7118;7125;7033;7082;6931;7056;7123;7077;7003;7046;7098;7113;6915;7047;7006;6951;6980;7028;6981;0;0,09375;0,049382716;0,010810811;0,009803922;0,009876543;0,005598321;0,0041841;0,00476591;0,004396985;0,00512277;0,003319633;0,003460208;0,003402367;0,002595156;0,003176895;0,003280091;0,003622663;0,003615852;0,003721729;0,002586579;0,001858736;0,0027108;0,003022453;0,004058559;0,003451251;0,003552145;0,003023323;0,001468429;0,002343979;0,002141328;0,001685867;0,002105263;0,002417176;0,003530076;0,002885586;0,002834467;0,002667415;0,002260845;0,002141939;0,00283849;0,002817695;0,002530578;0,001735358;0,002412374;0,002997431;0,002589555;0,002148997;0,002561184;0,001718951;3526;1760;847;412;211;103;48;28;12;13;3;1;1;0;2;1;0;0;0;0;0;0;0;0;0;0;0;0;0;0;0;0;0;1;3;2;4;1;1;0;0;0;0;0;0;0;0;0;0;0;0;0;0;0;0;0;0;0;0;0
1,00E-04;0,009;5;0,1911;9;0,8;15;38;96;223;526;1042;2042;3477;5088;6429;7178;7492;7895;8092;8102;7955;7959;7948;7978;8003;8010;8132;8138;8033;7920;7928;7896;7989;7955;8009;8060;8008;8091;7946;7992;7966;8059;8090;8046;8073;8007;7961;7802;7906;8047;8017;8029;7996;8040;8115;0;0;0,03125;0,013452915;0,007604563;0,00671785;0,00489716;0,00201323;0,001768868;0,002022087;0,001114517;0,001334757;0,002406586;0,001482946;0,001481116;0,001508485;0,001382083;0,001509814;0,001504136;0,001874297;0,001373283;0,002582391;0,002334726;0,002365243;0,002272727;0,001513623;0,00139311;0,001001377;0,001257071;0,000998876;0,001861042;0,001748252;0,001483129;0,001887742;0,002002002;0,001129802;0,001116764;0,001359703;0,001491424;0,001114827;0,000874235;0,001004899;0,001409895;0,001770807;0,001242699;0,001496819;0,001370034;0,001750875;0,001616915;0,002218115;4495;2037;836;400;167;91;37;14;10;4;2;0;0;1;0;1;0;0;2;1;0;0;0;0;0;0;0;0;0;0;0;0;2;3;3;6;1;1;0;0;0;0;1;0;0;0;0;0;0;0;1;0;0;0;0;0;0;0;0;0
1,00E-04;0,009;5;0,1911;9;0,1;14;32;42;56;69;87;94;110;129;137;157;177;197;207;228;253;271;280;303;320;346;368;389;415;423;456;460;478;511;517;522;532;540;539;557;574;585;596;605;638;640;662;678;683;683;689;690;679;675;666;0;0,03125;0,047619048;0,107142857;0,144927536;0,137931034;0,159574468;0,145454545;0,162790698;0,160583942;0,152866242;0,13559322;0,172588832;0,15942029;0,149122807;0,138339921;0,147601476;0,121428571;0,115511551;0,140625;0,12716763;0,138586957;0,12596401;0,130120482;0,125295508;0,127192982;0,119565217;0,135983264;0,14481409;0,137330754;0,132183908;0,146616541;0,161111111;0,161410019;0,150807899;0,144599303;0,141880342;0,139261745;0,132231405;0,123824451;0,1203125;0,117824773;0,134218289;0,127379209;0,125915081;0,124818578;0,143478261;0,120765832;0,125925926;0,121621622;61;42;49;34;41;53;35;40;35;31;32;14;20;16;15;12;10;7;7;5;5;8;5;4;2;2;1;0;0;0;0;0;0;0;1;1;0;1;1;4;0;5;10;3;5;5;3;3;5;5;1;4;5;1;3;4;3;1;2;3
1,00E-04;0,009;5;0,1911;9;0,01;13;22;30;38;47;48;52;62;71;76;82;81;92;98;100;101;106;111;111;112;113;114;114;121;121;131;131;130;133;132;128;131;140;142;142;137;132;133;132;133;127;127;132;135;138;139;148;146;150;154;0;0;0,033333333;0,052631579;0,106382979;0,104166667;0,134615385;0,193548387;0,211267606;0,223684211;0,195121951;0,185185185;0,22826087;0,265306122;0,22;0,267326733;0,264150943;0,243243243;0,288288288;0,339285714;0,309734513;0,342105263;0,333333333;0,338842975;0,347107438;0,328244275;0,305343511;0,292307692;0,30075188;0,295454545;0,296875;0,320610687;0,328571429;0,309859155;0,323943662;0,291970803;0,325757576;0,308270677;0,340909091;0,30075188;0,283464567;0,251968504;0,257575758;0,251851852;0,253623188;0,244604317;0,22972973;0,253424658;0,273333333;0,285714286;1;4;0;2;3;3;5;2;10;3;8;3;6;2;5;6;7;5;4;4;6;4;7;1;3;1;2;0;0;2;0;0;0;0;0;0;0;0;0;2;0;1;0;2;1;1;1;4;3;3;0;1;4;1;3;2;2;2;2;1
1,00E-04;0,009;5;0,1911;9;0,6;12;30;68;110;209;356;648;1059;1682;2483;3378;4152;4755;5267;5590;5826;5871;5885;5929;5978;6111;6047;6020;5952;5970;6010;5964;5984;6000;5955;5911;5889;5876;5931;5956;6019;6050;6002;6044;6067;6131;6062;6017;5993;5892;5869;5832;5903;5920;6059;0;0;0;0,018181818;0,014354067;0,014044944;0,012345679;0,012275732;0,008323424;0,005638341;0,006512729;0,004816956;0,004626709;0,004366812;0,003756708;0,002917954;0,003065917;0,004078165;0,0040479;0,003178321;0,002945508;0,004134281;0,00282392;0,00436828;0,004187605;0,003993344;0,004191818;0,004177807;0,003166667;0,004366079;0,004906107;0,00543386;0,00493533;0,004552352;0,005372733;0,004818076;0,003801653;0,005331556;0,003805427;0,004615131;0,005382482;0,005113824;0,004487286;0,003337227;0,004243041;0,003918896;0,002743484;0,004065729;0,004391892;0,004456181;2795;1453;811;428;256;133;65;38;21;11;6;3;4;0;0;1;2;1;0;2;2;0;0;0;0;0;0;0;0;0;0;1;2;1;3;6;3;2;1;3;1;0;0;0;2;0;0;1;0;0;0;1;0;0;0;0;0;0;0;0
1,00E-04;0,009;5;0,1911;9;0,5;12;37;64;115;203;346;550;886;1285;1817;2409;3017;3580;4003;4431;4684;4781;4855;4778;4950;4945;4929;4899;5006;5051;5013;4996;5014;5017;5041;5045;4998;4943;5008;4900;4956;4933;4856;4859;4940;5013;4974;4902;4853;4877;4914;4787;4774;4903;4921;0,083333333;0,081081081;0,046875;0,017391304;0,014778325;0,00867052;0,007272727;0,006772009;0,007003891;0,006604293;0,00456621;0,009280742;0,007541899;0,007994004;0,00586775;0,005977797;0,007111483;0,00576725;0,004604437;0,005050505;0,00586451;0,006492189;0,004082466;0,006392329;0,007127302;0,007181329;0,006004804;0,009174312;0,006976281;0,006347947;0,007135778;0,005002001;0,005259964;0,006190096;0,006326531;0,00645682;0,006892358;0,007413509;0,007203128;0,005668016;0,006782366;0,007639727;0,006731946;0,007212034;0,005946278;0,006308506;0,007729267;0,005865103;0,005710789;0,006705954;1921;1182;733;417;275;149;84;58;20;19;9;4;7;2;2;2;0;1;1;2;0;0;0;0;0;0;0;0;0;0;0;0;1;2;6;7;6;1;1;3;2;1;1;1;0;0;1;0;0;0;0;0;0;0;0;0;0;0;0;0
