"birth_rate";"compet";"a";"t0";"k";"compet2";"n_immig";"n_alive_0";"n_alive_1";"n_alive_2";"n_alive_3";"n_alive_4";"n_alive_5";"n_alive_6";"n_alive_7";"n_alive_8";"n_alive_9";"n_alive_10";"n_alive_11";"n_alive_12";"n_alive_13";"n_alive_14";"n_alive_15";"n_alive_16";"n_alive_17";"n_alive_18";"n_alive_19";"n_alive_20";"n_alive_21";"n_alive_22";"n_alive_23";"n_alive_24";"n_alive_25";"n_alive_26";"n_alive_27";"n_alive_28";"n_alive_29";"n_alive_30";"n_alive_31";"n_alive_32";"n_alive_33";"n_alive_34";"n_alive_35";"n_alive_36";"n_alive_37";"n_alive_38";"n_alive_39";"n_alive_40";"n_alive_41";"n_alive_42";"n_alive_43";"n_alive_44";"n_alive_45";"n_alive_46";"n_alive_47";"n_alive_48";"n_alive_49";"smurf_rate_0";"smurf_rate_1";"smurf_rate_2";"smurf_rate_3";"smurf_rate_4";"smurf_rate_5";"smurf_rate_6";"smurf_rate_7";"smurf_rate_8";"smurf_rate_9";"smurf_rate_10";"smurf_rate_11";"smurf_rate_12";"smurf_rate_13";"smurf_rate_14";"smurf_rate_15";"smurf_rate_16";"smurf_rate_17";"smurf_rate_18";"smurf_rate_19";"smurf_rate_20";"smurf_rate_21";"smurf_rate_22";"smurf_rate_23";"smurf_rate_24";"smurf_rate_25";"smurf_rate_26";"smurf_rate_27";"smurf_rate_28";"smurf_rate_29";"smurf_rate_30";"smurf_rate_31";"smurf_rate_32";"smurf_rate_33";"smurf_rate_34";"smurf_rate_35";"smurf_rate_36";"smurf_rate_37";"smurf_rate_38";"smurf_rate_39";"smurf_rate_40";"smurf_rate_41";"smurf_rate_42";"smurf_rate_43";"smurf_rate_44";"smurf_rate_45";"smurf_rate_46";"smurf_rate_47";"smurf_rate_48";"smurf_rate_49";"age_0_smurf0";"age_1_smurf0";"age_2_smurf0";"age_3_smurf0";"age_4_smurf0";"age_5_smurf0";"age_6_smurf0";"age_7_smurf0";"age_8_smurf0";"age_9_smurf0";"age_10_smurf0";"age_11_smurf0";"age_12_smurf0";"age_13_smurf0";"age_14_smurf0";"age_15_smurf0";"age_16_smurf0";"age_17_smurf0";"age_18_smurf0";"age_19_smurf0";"age_20_smurf0";"age_21_smurf0";"age_22_smurf0";"age_23_smurf0";"age_24_smurf0";"age_25_smurf0";"age_26_smurf0";"age_27_smurf0";"age_28_smurf0";"age_29_smurf0";"age_0_smurf1";"age_1_smurf1";"age_2_smurf1";"age_3_smurf1";"age_4_smurf1";"age_5_smurf1";"age_6_smurf1";"age_7_smurf1";"age_8_smurf1";"age_9_smurf1";"age_10_smurf1";"age_11_smurf1";"age_12_smurf1";"age_13_smurf1";"age_14_smurf1";"age_15_smurf1";"age_16_smurf1";"age_17_smurf1";"age_18_smurf1";"age_19_smurf1";"age_20_smurf1";"age_21_smurf1";"age_22_smurf1";"age_23_smurf1";"age_24_smurf1";"age_25_smurf1";"age_26_smurf1";"age_27_smurf1";"age_28_smurf1";"age_29_smurf1"
"0.1";1e-04;"0.009";5;"0.1911";1e-06;9;10;24;32;48;57;69;82;99;112;127;149;162;184;200;215;228;245;264;274;283;307;332;355;383;406;424;430;434;443;455;482;516;519;530;552;558;562;568;583;610;627;612;618;630;646;638;661;676;683;681;"0";"0.0416666666666667";"0.03125";"0.145833333333333";"0.175438596491228";"0.144927536231884";"0.158536585365854";"0.181818181818182";"0.169642857142857";"0.125984251968504";"0.134228187919463";"0.154320987654321";"0.152173913043478";"0.155";"0.13953488372093";"0.105263157894737";"0.130612244897959";"0.166666666666667";"0.153284671532847";"0.134275618374558";"0.110749185667752";"0.102409638554217";"0.11830985915493";"0.114882506527415";"0.118226600985222";"0.125";"0.148837209302326";"0.138248847926267";"0.148984198645598";"0.136263736263736";"0.139004149377593";"0.12984496124031";"0.121387283236994";"0.130188679245283";"0.119565217391304";"0.120071684587814";"0.122775800711744";"0.109154929577465";"0.111492281303602";"0.108196721311475";"0.119617224880383";"0.120915032679739";"0.13915857605178";"0.147619047619048";"0.145510835913313";"0.161442006269592";"0.154311649016641";"0.158284023668639";"0.161054172767204";"0.154185022026432";55;55;46;52;42;37;30;36;22;34;23;24;19;18;7;15;8;8;16;8;4;2;2;2;3;2;2;2;1;1;0;0;1;0;1;0;0;1;2;2;5;4;2;6;6;8;8;9;5;7;6;7;1;3;2;2;2;1;5;1
"0.1";1e-04;"0.009";5;"0.1911";1e-07;9;11;23;36;45;55;74;80;98;112;126;132;159;171;189;209;227;239;257;281;287;310;336;352;369;391;418;439;456;476;489;514;519;521;543;554;577;593;608;613;634;638;666;680;688;691;704;706;689;687;690;"0";"0.130434782608696";"0.0833333333333333";"0.111111111111111";"0.0909090909090909";"0.108108108108108";"0.0875";"0.13265306122449";"0.178571428571429";"0.182539682539683";"0.143939393939394";"0.125786163522013";"0.105263157894737";"0.100529100529101";"0.100478468899522";"0.0969162995594714";"0.121338912133891";"0.147859922178988";"0.145907473309609";"0.13588850174216";"0.119354838709677";"0.125";"0.125";"0.111111111111111";"0.135549872122762";"0.117224880382775";"0.109339407744875";"0.111842105263158";"0.105042016806723";"0.120654396728016";"0.126459143968872";"0.121387283236994";"0.130518234165067";"0.130755064456722";"0.128158844765343";"0.1421143847487";"0.139966273187184";"0.144736842105263";"0.125611745513866";"0.134069400630915";"0.134796238244514";"0.12012012012012";"0.122058823529412";"0.120639534883721";"0.131693198263386";"0.127840909090909";"0.127478753541076";"0.142235123367199";"0.151382823871907";"0.142028985507246";67;47;51;42;40;42;34;31;45;23;23;23;21;19;14;15;10;4;12;7;4;5;3;4;3;0;1;0;0;2;0;0;0;0;0;1;4;4;1;5;6;4;3;4;5;2;6;7;6;3;5;1;3;4;4;4;3;5;1;2
"38";43;"36";30;"14";20;20;16;6;8;6;3;2;1;0;1;1;1;0;0;0;0;1;3;4;2;3;6;3;6;6;6;7;9;3;4;7;3;3;2;6;3;1;1;3;1;1;1;0;0;1;NA;NA;NA;NA;NA;NA;NA;"";"";"";"";"";"";"";"";"";"";"";"";"";"";"";"";"";"";"";"";"";"";"";"";"";"";"";"";"";"";"";"";"";"";"";"";"";"";"";"";"";"";"";"";"";"";"";"";"";NA;NA;NA;NA;NA;NA;NA;NA;NA;NA;NA;NA;NA;NA;NA;NA;NA;NA;NA;NA;NA;NA;NA;NA;NA;NA;NA;NA;NA;NA;NA;NA;NA;NA;NA;NA;NA;NA;NA;NA;NA;NA;NA;NA;NA;NA;NA;NA;NA;NA;NA;NA;NA;NA;NA;NA;NA;NA;NA;NA
"0.3";1e-04;"0.009";5;"0.1911";1e-06;9;11;24;38;65;96;144;184;242;312;376;497;627;792;963;1183;1405;1612;1804;1974;2099;2274;2448;2550;2615;2688;2805;2852;2851;2872;2786;2760;2780;2883;2854;2833;2796;2832;2822;2873;2894;2903;2889;2956;2972;2944;2916;3014;2906;2939;2924;"0";"0.0833333333333333";"0.105263157894737";"0.0615384615384615";"0.0520833333333333";"0.0486111111111111";"0.0597826086956522";"0.0537190082644628";"0.0384615384615385";"0.0398936170212766";"0.0382293762575453";"0.0318979266347687";"0.029040404040404";"0.0353063343717549";"0.0363482671174979";"0.0298932384341637";"0.0279156327543424";"0.0260532150776053";"0.0258358662613982";"0.0257265364459266";"0.0268249780123131";"0.0277777777777778";"0.0286274509803922";"0.0282982791586998";"0.0286458333333333";"0.0306595365418895";"0.0305049088359046";"0.0301648544370396";"0.0264623955431755";"0.0276381909547739";"0.0268115942028985";"0.0266187050359712";"0.0277488727020465";"0.0315346881569727";"0.0345923049770561";"0.0304005722460658";"0.0282485875706215";"0.0248051027639972";"0.0271493212669683";"0.0279889426399447";"0.0289355838787461";"0.0245759778470059";"0.0216508795669824";"0.0205248990578735";"0.0244565217391304";"0.0216049382716049";"0.0218978102189781";"0.0206469373709566";"0.0221163661109221";"0.0253077975376197";739;569;422;323;219;146;135;85;48;53;32;24;11;13;8;7;6;4;2;2;0;2;0;0;1;0;0;0;0;0;1;3;2;2;5;10;4;7;7;9;5;5;3;3;1;1;4;0;1;0;0;0;0;1;0;0;0;0;0;0
"0.2";1e-05;"0.009";5;"0.1911";1e-06;9;7;17;34;52;72;86;114;138;174;206;263;318;385;471;581;672;788;944;1125;1323;1565;1846;2153;2543;2984;3501;3970;4548;5160;5830;6614;7434;8181;8939;9697;10444;11162;11788;12363;12977;13443;13898;14451;14867;15067;15357;15578;15825;16038;16201;"0";"0";"0.0882352941176471";"0.0769230769230769";"0.0972222222222222";"0.116279069767442";"0.087719298245614";"0.0869565217391304";"0.0919540229885057";"0.0825242718446602";"0.0798479087452472";"0.0754716981132075";"0.0649350649350649";"0.059447983014862";"0.0619621342512909";"0.068452380952381";"0.0621827411167513";"0.0466101694915254";"0.0426666666666667";"0.0513983371126228";"0.05814696485623";"0.0563380281690141";"0.0538783093358105";"0.0546598505701927";"0.0566353887399464";"0.0599828620394173";"0.0576826196473552";"0.0578276165347405";"0.0554263565891473";"0.0566037735849057";"0.0612337465981252";"0.0602636534839925";"0.0666177728884";"0.0685759033448932";"0.0661029184283799";"0.0674071237073918";"0.0702383085468554";"0.0755005089921955";"0.0762759847933349";"0.0793711951914926";"0.0792233876366882";"0.0813786156281479";"0.0790948723271746";"0.0810519943499025";"0.0820999535408509";"0.080419352738165";"0.0783797663371421";"0.0818325434439179";"0.0842374360892879";"0.0849330288253811";2735;2276;1886;1580;1280;1005;861;694;582;440;366;267;214;151;123;99;74;55;41;27;18;15;13;12;6;3;0;0;0;0;16;40;66;87;78;92;102;85;91;96;76;86;61;44;69;49;46;31;33;27;25;21;18;7;6;4;4;4;3;2
"0.3";1e-04;"0.009";5;"0.1911";1e-07;9;8;23;32;49;88;119;169;261;352;446;588;724;916;1137;1381;1576;1807;2045;2212;2313;2436;2580;2660;2700;2728;2689;2756;2800;2872;2859;2857;2856;2862;2824;2882;2856;2811;2796;2826;2863;2834;2858;2849;2879;2884;2926;2969;2922;2903;2910;"0.125";"0.0869565217391304";"0.03125";"0.0408163265306122";"0.0340909090909091";"0.0252100840336134";"0.0236686390532544";"0.0344827586206897";"0.0369318181818182";"0.0381165919282511";"0.0306122448979592";"0.0303867403314917";"0.0262008733624454";"0.0237467018469657";"0.0224475018102824";"0.0209390862944162";"0.0226895406751522";"0.0210268948655257";"0.0253164556962025";"0.0255079982706442";"0.0279146141215107";"0.0228682170542636";"0.0229323308270677";"0.0211111111111111";"0.0245601173020528";"0.0241725548531052";"0.0206821480406386";"0.0192857142857143";"0.0215877437325905";"0.0202868135711787";"0.0213510675533777";"0.0217086834733894";"0.0248078266946191";"0.021600566572238";"0.0225537820957668";"0.0210084033613445";"0.0170757737459979";"0.0175250357653791";"0.016277423920736";"0.0202584701362207";"0.0204657727593507";"0.0206438068579426";"0.0245700245700246";"0.02257728377909";"0.0225381414701803";"0.0184552289815448";"0.0202088245200404";"0.0184804928131417";"0.0155012056493283";"0.0154639175257732";727;560;409;316;220;174;134;87;53;52;27;21;24;15;15;8;8;4;4;2;0;2;0;0;0;1;0;1;0;0;0;2;2;0;1;4;3;2;7;1;4;6;4;4;0;2;1;0;0;1;0;0;0;0;0;1;0;0;0;0
"0.2";1e-05;"0.009";5;"0.1911";1e-07;9;15;25;41;59;86;115;154;195;249;317;391;493;601;731;876;1042;1237;1513;1788;2114;2458;2870;3361;3863;4469;5142;5862;6643;7417;8208;8978;9802;10638;11344;12025;12795;13472;13937;14535;15213;15637;15961;16387;16650;16778;17101;17211;17371;17447;17593;"0";"0.04";"0.0487804878048781";"0.0338983050847458";"0.0348837209302326";"0.0434782608695652";"0.0584415584415584";"0.041025641025641";"0.0441767068273092";"0.0410094637223975";"0.0358056265984655";"0.0446247464503043";"0.0465890183028286";"0.0465116279069767";"0.0468036529680365";"0.0489443378119002";"0.0485044462409054";"0.0541969596827495";"0.0576062639821029";"0.054872280037843";"0.0573637103336046";"0.0588850174216028";"0.0526628979470396";"0.0522909655707999";"0.0512418885656746";"0.0534811357448464";"0.0544182872739679";"0.0569020021074816";"0.0582445732776055";"0.0543372319688109";"0.0554689240365338";"0.0532544378698225";"0.0518894529046813";"0.05024682651622";"0.0527234927234927";"0.0509574052364205";"0.0529988123515439";"0.0496520054531104";"0.0480220158238734";"0.0492342075856176";"0.0517362665472917";"0.0516884906960717";"0.0517483370964789";"0.050990990990991";"0.0497079508880677";"0.049061458394246";"0.0511300912207309";"0.0535950722468482";"0.0519286983435548";"0.0512135508440857";3056;2536;2149;1721;1495;1172;983;798;626;515;399;303;229;179;124;110;86;41;55;28;22;22;17;5;5;8;1;3;2;1;2;2;5;20;25;37;53;67;55;54;65;61;56;63;57;54;44;27;25;33;17;13;11;9;8;12;12;3;3;1
"0.2";1e-06;"0.009";5;"0.1911";1e-06;9;7;16;34;49;62;87;108;139;174;213;270;319;396;475;569;689;840;1001;1217;1465;1741;2105;2532;3054;3703;4401;5288;6268;7442;8816;10475;12360;14531;16979;19720;22889;26386;30361;34610;38982;43600;48450;53248;58160;62705;67188;71120;74909;78364;81499;"0";"0";"0.0294117647058824";"0.0204081632653061";"0.0161290322580645";"0.0459770114942529";"0.0740740740740741";"0.0647482014388489";"0.0747126436781609";"0.07981220657277";"0.0740740740740741";"0.0783699059561129";"0.0757575757575758";"0.0568421052631579";"0.0632688927943761";"0.0595065312046444";"0.0607142857142857";"0.0679320679320679";"0.0509449465899754";"0.0566552901023891";"0.0534175761056864";"0.0479809976247031";"0.0485781990521327";"0.0468238375900458";"0.0480691331352957";"0.0520336287207453";"0.0554084720121029";"0.0601467772814295";"0.0612738511152916";"0.0604582577132486";"0.0621479713603819";"0.0669902912621359";"0.0715023054160072";"0.0770363390070087";"0.0811359026369168";"0.0866791908777142";"0.0919426968847116";"0.102532854649056";"0.110083790811904";"0.119542352880817";"0.128279816513761";"0.138080495356037";"0.150108924278846";"0.159525447042641";"0.169938601387449";"0.182279573733405";"0.192041619797525";"0.202111895766864";"0.212227553468429";"0.222064074405821";11728;9658;8196;6631;5507;4517;3708;2859;2453;1900;1424;1183;889;677;510;411;313;225;159;131;100;68;54;35;21;14;12;7;3;2;460;1055;1399;1424;1589;1478;1439;1281;1212;1070;958;791;668;576;498;392;361;318;237;206;179;128;77;66;56;37;36;30;18;16
"0.3";1e-05;"0.009";5;"0.1911";1e-07;9;6;18;31;57;82;118;171;223;316;406;526;709;937;1257;1652;2179;2874;3744;4788;6023;7476;9239;11059;12926;15122;17149;19225;20927;22498;23844;24748;25806;26594;26939;27352;27862;28095;28206;28302;28568;28643;28650;28726;28819;28903;28869;28787;28722;28683;28675;"0.166666666666667";"0.0555555555555556";"0";"0.0350877192982456";"0.0609756097560976";"0.0847457627118644";"0.064327485380117";"0.0762331838565022";"0.0537974683544304";"0.0443349753694581";"0.0342205323193916";"0.0394922425952045";"0.0437566702241195";"0.0413683373110581";"0.0357142857142857";"0.0284534189995411";"0.0271398747390397";"0.0229700854700855";"0.0223475355054302";"0.0197575958824506";"0.0203317281968967";"0.0221885485442147";"0.0234198390451216";"0.0241373974934241";"0.026120883481021";"0.025249285672634";"0.0249154746423927";"0.0265685478090505";"0.0267579340385812";"0.0268411340379131";"0.0276385970583482";"0.0277842362241339";"0.0296307437767918";"0.0296224804187238";"0.0280052646972799";"0.0260928863685306";"0.0265171738743549";"0.0268737148124513";"0.0258992297364144";"0.0258330999719966";"0.0263240582341235";"0.0263176265270506";"0.0259346933091972";"0.0263367916999202";"0.026467840708577";"0.025944785063563";"0.0263660680168131";"0.0272613327762691";"0.0282397238782554";"0.0272711421098518";7283;5402;4033;3071;2267;1694;1186;812;625;461;341;230;144;113;71;59;27;25;18;14;7;5;3;1;2;0;0;0;0;0;7;26;30;42;51;62;62;81;57;73;65;53;34;38;18;18;19;13;4;12;4;5;2;1;2;0;1;1;1;0
"0.3";1e-05;"0.009";5;"0.1911";1e-06;9;16;29;42;70;103;152;214;310;446;622;843;1100;1487;1960;2606;3473;4474;5691;7146;8736;10537;12397;14470;16305;18182;19839;21233;22579;23346;24025;24766;25268;25734;25942;26009;26424;26511;26495;26442;26425;26447;26282;26407;26454;26551;26777;26809;26894;26796;26803;"0";"0.0689655172413793";"0.0476190476190476";"0.0857142857142857";"0.0485436893203883";"0.0460526315789474";"0.0327102803738318";"0.0354838709677419";"0.0291479820627803";"0.0273311897106109";"0.0249110320284698";"0.0272727272727273";"0.0275722932078009";"0.0270408163265306";"0.0226400613967767";"0.026778001727613";"0.0257040679481448";"0.0289931470743279";"0.0275678701371397";"0.0341117216117216";"0.0372971433994496";"0.0387190449302251";"0.0405666897028334";"0.0467341306347746";"0.0511494885051149";"0.0553959372952266";"0.0563274148730749";"0.0588600026573365";"0.0619806390816414";"0.065057232049948";"0.0658967939917629";"0.0670017413329112";"0.0685085878604181";"0.0712743813121579";"0.0722826713829828";"0.0712988192552225";"0.0736675342310739";"0.078014719758445";"0.0771499886544134";"0.0730368968779565";"0.0721821000491549";"0.0714177003272202";"0.075358806377097";"0.0761321539275724";"0.0732552446235547";"0.0743922022631363";"0.075086724607408";"0.0752212389380531";"0.0757202567547395";"0.0767078312129239";6548;4864;3551;2685;1953;1505;1015;728;563;394;279;197;148;91;77;54;30;16;15;11;9;5;2;5;1;0;0;0;1;0;78;170;221;217;214;196;148;138;138;114;103;73;57;43;35;29;23;26;11;6;2;7;2;1;1;1;1;0;1;0
"0.2";1e-06;"0.009";5;"0.1911";1e-07;9;10;29;40;61;88;116;144;186;228;276;340;422;506;631;752;917;1092;1323;1580;1869;2233;2656;3166;3817;4624;5482;6503;7698;9173;10853;12850;15143;17898;21175;24802;29046;33719;38968;44742;50990;57683;65022;72548;80289;87848;95588;103571;110845;117508;123540;"0";"0.0344827586206897";"0.05";"0.0163934426229508";"0.0227272727272727";"0.0344827586206897";"0.0416666666666667";"0.032258064516129";"0.043859649122807";"0.0471014492753623";"0.0558823529411765";"0.0734597156398104";"0.0652173913043478";"0.0554675118858954";"0.0478723404255319";"0.054525627044711";"0.0512820512820513";"0.0521541950113379";"0.0474683544303797";"0.0460139111824505";"0.0470219435736677";"0.0504518072289157";"0.047378395451674";"0.0468954676447472";"0.0488754325259516";"0.0512586647209048";"0.0522835614331847";"0.0520914523252793";"0.0500381554562302";"0.0505850916797199";"0.0508949416342412";"0.0496599088687843";"0.05045256453235";"0.0498229043683589";"0.0530199177485687";"0.0534324864008814";"0.0527299148847831";"0.0541469924040238";"0.0551830494837066";"0.0563639929397921";"0.0585094395229097";"0.0586878287348897";"0.0598638143022551";"0.0613907260023166";"0.0629496402877698";"0.0654370841528225";"0.0679437294223286";"0.0692678966123867";"0.0708036899615345";"0.0727051966974259";20886;17511;14650;12284;9946;8117;6657;5298;4477;3418;2650;2105;1674;1206;954;718;529;431;290;219;167;109;78;63;37;36;18;12;8;2;112;268;359;433;484;509;564;644;647;604;556;500;530;409;411;373;320;226;202;178;136;108;87;71;46;44;37;34;27;14
"0.4";1e-05;"0.009";5;"0.1911";1e-06;9;11;28;54;78;127;191;287;436;663;971;1410;2064;3113;4484;6264;8631;11586;15000;18543;22315;25742;28351;30540;32148;33727;34640;35304;35438;35669;35683;35916;36011;35989;36020;35848;35951;36186;36110;35888;35866;35962;36124;36188;36245;36214;36141;36090;36150;35882;35842;"0";"0";"0";"0.0384615384615385";"0.0708661417322835";"0.0523560209424084";"0.0452961672473868";"0.0321100917431193";"0.028657616892911";"0.023686920700309";"0.0198581560283688";"0.0174418604651163";"0.0128493414712496";"0.0133809099018733";"0.0199553001277139";"0.0213185030703279";"0.0233039875712066";"0.0288666666666667";"0.0343525858814647";"0.0380909701994174";"0.0421101701499495";"0.0476879122429544";"0.0545514079895219";"0.0587905935050392";"0.0616716577222996";"0.0636258660508083";"0.0669046000453206";"0.0691912636153282";"0.0686029885895315";"0.0702575456099543";"0.0707484129635817";"0.0715614673294271";"0.0729111673011198";"0.072376457523598";"0.0724726623521535";"0.0712080331562404";"0.0708008622119052";"0.0730545555247854";"0.0733392777530094";"0.0724084090782357";"0.0706023024303431";"0.0695382571143838";"0.0709074831435835";"0.0702441716098772";"0.0717125973380461";"0.0711380426662239";"0.07134940426711";"0.0727524204702628";"0.072041692213366";"0.0725126946040957";11037;7390;5027;3311;2269;1484;932;636;405;254;177;115;87;42;26;15;12;7;9;2;3;1;1;1;0;0;0;0;0;0;179;344;410;335;311;256;202;140;109;85;83;49;27;23;13;10;7;9;1;1;2;0;0;0;0;2;0;1;0;0
"0.4";1e-05;"0.009";5;"0.1911";1e-07;9;18;40;52;92;131;194;286;435;626;911;1282;1868;2767;4018;5658;7913;10740;13997;17625;21487;25299;28520;31274;33494;35315;36490;37097;37751;38095;38141;38330;38684;38954;39061;38699;38633;38881;38918;38987;38934;39334;39370;39337;39060;39184;39197;38857;38860;38954;38821;"0";"0.05";"0.0961538461538462";"0.0326086956521739";"0.0229007633587786";"0.0412371134020619";"0.027972027972028";"0.0252873563218391";"0.0271565495207668";"0.021953896816685";"0.0241809672386895";"0.019271948608137";"0.0144560896277557";"0.0136884021901444";"0.0129020855425946";"0.014659421205611";"0.0144320297951583";"0.0135743373580053";"0.0126524822695035";"0.0134499930190348";"0.0143879204711649";"0.0148316970546985";"0.0151243844727249";"0.0144802054099242";"0.0159422341781113";"0.0169361468895588";"0.0166320726743402";"0.0166882996476915";"0.0182176138600866";"0.0181694239794447";"0.0172710670493086";"0.0171647192637783";"0.0169173897417467";"0.0173830675097924";"0.017338949326856";"0.0160743405896513";"0.0173349450888609";"0.0167017832365486";"0.0175186600661759";"0.0180048286844403";"0.0171098794935679";"0.0166116332232664";"0.0157358212370033";"0.0172555043522785";"0.0181451612903226";"0.0182156797714111";"0.0174228581722727";"0.0178332475553268";"0.0165836627817426";"0.0175420519821746";12601;8492;5685;3798;2565;1785;1125;758;494;286;219;125;88;42;36;18;9;5;4;3;1;0;1;0;0;0;0;0;0;0;19;38;49;76;78;76;66;65;44;38;34;29;15;13;15;4;4;7;5;2;1;1;1;0;0;0;1;0;0;0
"0.3";1e-06;"0.009";5;"0.1911";1e-06;9;12;27;45;68;99;141;199;278;388;539;747;1017;1388;1871;2475;3365;4471;5868;7789;10362;13583;17605;22739;28997;36735;45897;56162;67479;79518;91936;104299;115163;124711;132918;139462;144561;147954;150106;151082;151870;152245;151994;151732;151729;151164;150808;150420;150389;149736;150017;"0";"0";"0.0888888888888889";"0.0294117647058824";"0.0202020202020202";"0.0283687943262411";"0.0301507537688442";"0.0359712230215827";"0.0283505154639175";"0.0241187384044527";"0.0307898259705489";"0.0353982300884956";"0.0295389048991354";"0.0245857830037413";"0.0214141414141414";"0.0216939078751857";"0.0237083426526504";"0.0276073619631902";"0.0318397740403133";"0.0330052113491604";"0.0404181697710373";"0.0482249360976995";"0.0536962927129601";"0.0637307307652516";"0.0739621614264326";"0.0860840577815544";"0.0992307966240518";"0.119889150698736";"0.137239367187304";"0.155401583710407";"0.177643122177586";"0.20046369059507";"0.22126356135385";"0.239328006740998";"0.256464126428705";"0.2723279446047";"0.28454790002298";"0.295904227679107";"0.303629816920613";"0.310146836109831";"0.314394561397747";"0.317301998763109";"0.318475997152875";"0.319694982501697";"0.320645127146675";"0.323000106095167";"0.32189868368568";"0.321426434114197";"0.321272105572474";"0.320243705713352";27488;19980;15027;10969;8007;5903;4275;3150;2212;1566;1090;725;509;348;246;158;102;79;55;32;27;11;5;0;5;2;2;1;1;0;1901;4365;5279;5443;5254;4752;4037;3355;2856;2299;1875;1505;1216;954;751;534;441;335;241;163;129;117;50;44;44;43;18;11;12;4
"0.3";1e-06;"0.009";5;"0.1911";1e-07;9;8;21;40;66;108;160;214;290;403;531;738;972;1309;1801;2436;3190;4242;5672;7544;10023;13214;17400;22964;29868;38481;49370;61966;76873;94034;112809;132192;151989;171031;188229;204052;217375;228759;237795;244670;250439;254690;257241;260186;261715;263041;263268;263545;263484;263829;263826;"0";"0.0952380952380952";"0.075";"0.0454545454545455";"0.037037037037037";"0.03125";"0.0373831775700935";"0.0344827586206897";"0.032258064516129";"0.0263653483992467";"0.032520325203252";"0.0318930041152263";"0.0343773873185638";"0.0277623542476402";"0.0246305418719212";"0.0247648902821317";"0.0245167373880245";"0.0250352609308886";"0.0239925768822906";"0.0244437793075925";"0.0235356440139246";"0.022816091954023";"0.0247779132555304";"0.0252109280835677";"0.0254931004911515";"0.0274863277293903";"0.0297582545266759";"0.0318057055142898";"0.0335623285194717";"0.0367257931548015";"0.0401839748244977";"0.0434965688306391";"0.0473306008852196";"0.0519686127004872";"0.0544371042675397";"0.0580517538815411";"0.0613615202024838";"0.0640047099392334";"0.0664323374340949";"0.0680604857869581";"0.0695787035219286";"0.0712289254045817";"0.0719485291291614";"0.0720707639990066";"0.0729353979037488";"0.074422261725694";"0.0744844333984709";"0.0739969030377556";"0.0741313502306418";"0.073821382274681";63646;47827;35730;26642;19524;14557;10548;7592;5510;3972;2757;1882;1342;905;642;449;286;176;127;93;46;40;21;10;9;6;4;1;2;1;772;1621;1887;1975;1997;1810;1626;1423;1198;1036;858;701;568;486;410;286;232;151;134;102;62;41;32;19;12;15;7;6;4;1
"0.4";1e-06;"0.009";5;"0.1911";1e-06;9;14;32;48;68;102;161;252;366;543;796;1136;1746;2670;3957;5822;8586;12596;18329;26214;37066;51269;69121;90439;114133;137597;158878;176862;190948;200364;205902;208380;208928;207782;207340;206739;205172;204974;204582;204037;203576;203752;203695;203121;203599;204319;203912;203740;204209;204155;203845;"0";"0.0625";"0.0625";"0.0147058823529412";"0.0294117647058824";"0.0434782608695652";"0.0357142857142857";"0.0300546448087432";"0.0331491712707182";"0.0238693467336683";"0.0184859154929577";"0.0206185567010309";"0.0157303370786517";"0.0149102855698762";"0.0171762281003092";"0.0189843931982297";"0.0230231819625278";"0.0303890010366087";"0.0378042267490654";"0.0492095181568014";"0.0641713316038932";"0.0844316488476729";"0.109278076935835";"0.138916877677797";"0.171995028961387";"0.205849771522804";"0.23858149291538";"0.267313614177682";"0.291943662534188";"0.311609406416645";"0.327574623284384";"0.336111004748047";"0.34347537322771";"0.346411690942413";"0.348120093451163";"0.349750453278225";"0.349473591772615";"0.349634865237411";"0.349029832824439";"0.348287617400872";"0.34811437433743";"0.345968236824664";"0.345385262971332";"0.344657881423779";"0.345875811843245";"0.346468084271647";"0.346053794051242";"0.3464098056403";"0.348436237172736";"0.347931026024676";45425;29861;20096;13114;8674;5713;3670;2343;1501;976;603;359;242;123;91;51;29;20;10;6;3;4;4;2;1;0;0;0;0;0;4283;9047;10241;9708;8399;7081;5565;4367;3211;2543;1822;1332;972;720;488;327;242;193;122;74;55;43;31;22;7;8;11;5;0;1
"0.4";1e-06;"0.009";5;"0.1911";1e-07;9;11;24;41;86;145;239;384;577;867;1283;1928;2886;4260;6211;9077;13276;19311;28087;40291;56817;78328;105577;138061;173740;209271;243429;273966;298013;316112;329753;339627;345356;350506;353519;356041;357501;358205;359135;359972;359783;360175;360070;359661;360284;359874;360023;360015;360336;360352;359990;"0";"0.0416666666666667";"0.024390243902439";"0.0348837209302326";"0.0275862068965517";"0.0292887029288703";"0.0286458333333333";"0.0259965337954939";"0.0173010380622837";"0.014809041309431";"0.0150414937759336";"0.0145530145530146";"0.0131455399061033";"0.0136853968765094";"0.0126693841577614";"0.0130310334438084";"0.0137745326497851";"0.0146331042831203";"0.015015760343501";"0.0167555485154091";"0.0191885404963742";"0.0226185627551455";"0.0268649365135701";"0.0312190629676528";"0.0364025593608288";"0.0417287997732398";"0.0475131950680011";"0.0526789099804371";"0.0573720706585008";"0.0607879230818218";"0.062980858412317";"0.0657205897682391";"0.0667891562483952";"0.0681010073008806";"0.0692616861541227";"0.0703242788132061";"0.0704121941346436";"0.0706085455330168";"0.0706860533597057";"0.0711595600681522";"0.0716235163462206";"0.0722748354486628";"0.0720706443011614";"0.0719154888920962";"0.0704385423787214";"0.0711343441946765";"0.0716859019763065";"0.0720660716664446";"0.0715855607850102";"0.0716381010583627";110830;74413;50525;33599;22249;14898;9896;6434;4144;2665;1692;1124;686;381;269;154;103;58;35;15;14;10;3;1;2;0;0;0;0;1;1764;3573;3814;3581;2944;2445;1952;1463;1157;847;628;503;334;248;166;121;91;48;43;19;19;13;4;5;3;3;0;0;0;0
